country_code,year,free_education_years,inbound_mobility_rate,outbound_mobility_rate,region
AGO,2013,6.0,,4.823319911956787,Africa
AGO,2014,6.0,,,Africa
AGO,2015,6.0,,6.16146993637085,Africa
AGO,2016,9.0,,6.155010223388672,Africa
AGO,2017,9.0,,,Africa
AGO,2018,9.0,,,Africa
AGO,2019,9.0,,,Africa
AGO,2020,9.0,,,Africa
AGO,2021,9.0,,,Africa
AGO,2022,9.0,,,Africa
BDI,2013,,8.045479774475098,6.483170032501221,Africa
BDI,2014,,,5.656529903411865,Africa
BDI,2015,,3.217180013656616,5.004010200500488,Africa
BDI,2016,,3.571619987487793,7.617400169372559,Africa
BDI,2017,,4.454140186309814,7.822539806365967,Africa
BDI,2018,,4.767250061035156,8.651860237121582,Africa
BEN,2013,6.0,,3.635550022125244,Africa
BEN,2014,6.0,6.866650104522705,3.940239906311035,Africa
BEN,2015,6.0,7.892670154571533,4.851739883422852,Africa
BEN,2016,6.0,8.877670288085938,5.353549957275391,Africa
BEN,2017,6.0,7.027369976043701,5.891930103302002,Africa
BEN,2018,6.0,4.504300117492676,5.781290054321289,Africa
BEN,2019,6.0,3.1494300365448,6.500319957733154,Africa
BEN,2020,6.0,2.966109991073608,7.011640071868896,Africa
BEN,2021,6.0,3.108890056610107,7.783909797668457,Africa
BEN,2022,6.0,3.086889982223511,7.930240154266357,Africa
BFA,2013,10.0,2.899990081787109,5.982749938964844,Africa
BFA,2014,10.0,1.445019960403442,6.185269832611084,Africa
BFA,2015,10.0,2.758440017700195,6.50738000869751,Africa
BFA,2016,10.0,2.97271990776062,6.068570137023926,Africa
BFA,2017,10.0,3.114680051803589,5.84846019744873,Africa
BFA,2018,10.0,2.716500043869019,5.605649948120117,Africa
BFA,2019,10.0,2.278810024261475,5.312129974365234,Africa
BFA,2020,10.0,2.052809953689575,5.032199859619141,Africa
BFA,2021,10.0,1.905709981918335,4.244919776916504,Africa
BFA,2022,10.0,1.762320041656494,4.109990119934082,Africa
BWA,2013,,,6.905089855194092,Africa
BWA,2014,,2.570379972457886,6.221970081329346,Africa
BWA,2015,,1.630820035934448,5.326369762420654,Africa
BWA,2016,,2.631220102310181,5.979100227355957,Africa
BWA,2017,,2.386539936065674,5.189899921417236,Africa
BWA,2019,,2.259759902954102,5.127480030059814,Africa
BWA,2020,,2.200429916381836,4.65326976776123,Africa
BWA,2021,,2.46697998046875,4.684939861297607,Africa
BWA,2022,,2.495409965515137,4.603630065917969,Africa
CAF,2013,13.0,,,Africa
CAF,2014,13.0,,,Africa
CAF,2015,13.0,,,Africa
CAF,2016,13.0,,,Africa
CAF,2017,13.0,,,Africa
CAF,2018,13.0,,,Africa
CAF,2019,13.0,,,Africa
CAF,2020,13.0,,,Africa
CAF,2021,13.0,,,Africa
CAF,2022,13.0,,,Africa
CIV,2013,10.0,,5.571199893951416,Africa
CIV,2014,10.0,1.677019953727722,6.039070129394531,Africa
CIV,2015,10.0,1.798230051994324,6.013899803161621,Africa
CIV,2016,10.0,2.133239984512329,6.511539936065674,Africa
CIV,2017,10.0,2.173330068588257,6.385980129241943,Africa
CIV,2018,10.0,,,Africa
CIV,2019,10.0,2.640640020370483,6.630330085754395,Africa
CIV,2020,10.0,2.438810110092163,7.116330146789551,Africa
CIV,2021,10.0,1.375489950180054,6.956419944763184,Africa
CIV,2022,10.0,1.412060022354126,6.542990207672119,Africa
CMR,2013,6.0,,6.900619983673096,Africa
CMR,2014,6.0,,7.163640022277832,Africa
CMR,2015,6.0,,6.962230205535889,Africa
CMR,2016,6.0,0.97257000207901,9.658539772033691,Africa
CMR,2017,6.0,1.357750058174133,9.458169937133787,Africa
CMR,2018,6.0,2.813839912414551,8.336380004882812,Africa
CMR,2019,6.0,3.716769933700562,7.676070213317871,Africa
CMR,2020,6.0,3.343980073928833,7.752019882202148,Africa
CMR,2021,6.0,3.154150009155273,7.612730026245117,Africa
CMR,2022,6.0,2.053450107574463,7.943299770355225,Africa
COD,2013,6.0,1.177029967308044,1.885589957237244,Africa
COD,2014,6.0,,,Africa
COD,2015,6.0,,,Africa
COD,2016,6.0,0.4383699893951416,2.196419954299927,Africa
COD,2017,6.0,,,Africa
COD,2018,6.0,,,Africa
COD,2019,6.0,,,Africa
COD,2020,6.0,0.4370900094509125,2.89424991607666,Africa
COD,2021,6.0,,,Africa
COD,2022,6.0,,,Africa
COG,2013,13.0,0.9287999868392944,33.05335998535156,Africa
COG,2014,13.0,,,Africa
COG,2015,13.0,,,Africa
COG,2016,13.0,,,Africa
COG,2017,13.0,,27.84174919128418,Africa
COG,2018,13.0,,,Africa
COG,2019,13.0,,,Africa
COG,2020,13.0,,,Africa
COG,2021,13.0,,,Africa
COG,2022,13.0,,,Africa
COM,2013,6.0,,97.22981262207033,Africa
COM,2014,6.0,0.0,107.2486419677734,Africa
COM,2015,6.0,,,Africa
COM,2016,6.0,,,Africa
COM,2017,6.0,,,Africa
COM,2018,6.0,,,Africa
COM,2019,6.0,,,Africa
COM,2020,6.0,,,Africa
COM,2021,6.0,,,Africa
COM,2022,6.0,,,Africa
CPV,2013,8.0,0.9641900062561036,33.04497146606445,Africa
CPV,2014,8.0,1.351050019264221,23.68968963623047,Africa
CPV,2015,8.0,1.347900032997131,24.61590003967285,Africa
CPV,2016,8.0,0.9903299808502196,27.08419990539551,Africa
CPV,2017,8.0,0.8195400238037109,27.46299934387207,Africa
CPV,2018,8.0,1.440950036048889,31.70383071899414,Africa
CPV,2019,8.0,,,Africa
CPV,2020,8.0,,,Africa
CPV,2021,8.0,,,Africa
CPV,2022,8.0,,,Africa
DJI,2013,12.0,,,Africa
DJI,2014,12.0,,,Africa
DJI,2015,12.0,,,Africa
DJI,2016,12.0,,,Africa
DJI,2017,12.0,,,Africa
DJI,2018,12.0,,,Africa
DJI,2019,12.0,,,Africa
DJI,2020,12.0,,,Africa
DJI,2021,12.0,,,Africa
DJI,2022,12.0,,,Africa
DZA,2013,12.0,0.5910199880599976,1.684939980506897,Africa
DZA,2014,12.0,0.6385499835014343,1.661479949951172,Africa
DZA,2015,12.0,0.6178500056266785,1.587540030479431,Africa
DZA,2016,12.0,0.4987500011920929,1.521600008010864,Africa
DZA,2017,12.0,0.5529500246047974,1.663249969482422,Africa
DZA,2018,12.0,0.5312100052833557,1.864799976348877,Africa
DZA,2019,12.0,0.5242400169372559,1.983430027961731,Africa
DZA,2020,12.0,0.5592700242996216,2.078089952468872,Africa
DZA,2021,12.0,0.6195099949836731,2.165359973907471,Africa
DZA,2022,12.0,0.5024600028991699,2.330209970474243,Africa
EGY,2013,12.0,1.77564001083374,0.8163400292396545,Africa
EGY,2014,12.0,1.879439949989319,0.9401400089263916,Africa
EGY,2015,12.0,,0.9314600229263306,Africa
EGY,2016,12.0,1.834239959716797,1.129169940948486,Africa
EGY,2017,12.0,,1.193330049514771,Africa
EGY,2018,12.0,,1.213899970054626,Africa
EGY,2019,12.0,,,Africa
EGY,2020,12.0,0.9444299936294556,1.488680005073547,Africa
EGY,2021,12.0,,,Africa
EGY,2022,12.0,1.987679958343506,1.974670052528381,Africa
ERI,2013,8.0,,,Africa
ERI,2014,8.0,,13.78577995300293,Africa
ERI,2015,8.0,,15.42702960968018,Africa
ERI,2016,8.0,,19.69042015075684,Africa
ERI,2017,8.0,,,Africa
ERI,2018,8.0,,,Africa
ERI,2019,8.0,,,Africa
ERI,2020,8.0,,,Africa
ERI,2021,8.0,,,Africa
ERI,2022,8.0,,,Africa
ETH,2013,8.0,,,Africa
ETH,2014,8.0,,0.8183799982070923,Africa
ETH,2015,8.0,,,Africa
ETH,2016,8.0,,,Africa
ETH,2017,8.0,,,Africa
ETH,2018,8.0,,,Africa
ETH,2019,8.0,,,Africa
ETH,2020,8.0,,,Africa
ETH,2021,8.0,,,Africa
ETH,2022,8.0,,,Africa
GAB,2013,10.0,,,Africa
GAB,2014,10.0,,,Africa
GAB,2015,10.0,,,Africa
GAB,2016,10.0,,,Africa
GAB,2017,10.0,,,Africa
GAB,2018,10.0,,,Africa
GAB,2019,10.0,,,Africa
GAB,2020,10.0,,,Africa
GAB,2021,10.0,,,Africa
GAB,2022,10.0,,,Africa
GHA,2013,9.0,3.044100046157837,3.033370018005371,Africa
GHA,2014,9.0,3.899869918823242,3.007400035858154,Africa
GHA,2015,9.0,4.268159866333008,3.204040050506592,Africa
GHA,2016,9.0,3.79013991355896,3.309629917144775,Africa
GHA,2017,9.0,2.923120021820068,3.356319904327393,Africa
GHA,2018,9.0,2.248179912567139,3.693789958953857,Africa
GHA,2019,9.0,1.391720056533813,3.49564003944397,Africa
GHA,2020,9.0,1.045250058174133,3.491909980773926,Africa
GHA,2021,9.0,0.912779986858368,3.524620056152344,Africa
GHA,2022,9.0,0.8529099822044373,3.514549970626831,Africa
GIN,2013,6.0,,6.239510059356689,Africa
GIN,2014,6.0,,6.449940204620361,Africa
GIN,2015,6.0,,,Africa
GIN,2016,6.0,,,Africa
GIN,2017,6.0,,,Africa
GIN,2018,6.0,,,Africa
GIN,2019,6.0,,,Africa
GIN,2020,6.0,,,Africa
GIN,2021,6.0,,,Africa
GIN,2022,6.0,,,Africa
GMB,2013,9.0,,,Africa
GMB,2014,9.0,,,Africa
GMB,2015,9.0,,,Africa
GMB,2016,9.0,,,Africa
GMB,2017,9.0,,,Africa
GMB,2018,9.0,,,Africa
GMB,2019,9.0,,,Africa
GMB,2020,9.0,,,Africa
GMB,2021,9.0,,,Africa
GMB,2022,9.0,,,Africa
GNQ,2013,6.0,,,Africa
GNQ,2014,6.0,,,Africa
GNQ,2015,6.0,,,Africa
GNQ,2016,6.0,,,Africa
GNQ,2017,6.0,,,Africa
GNQ,2018,6.0,,,Africa
GNQ,2019,6.0,,,Africa
GNQ,2020,6.0,,,Africa
GNQ,2021,6.0,,,Africa
GNQ,2022,6.0,,,Africa
KEN,2013,12.0,,,Africa
KEN,2014,12.0,,,Africa
KEN,2015,12.0,,3.272969961166382,Africa
KEN,2016,12.0,0.8859699964523315,2.612080097198486,Africa
KEN,2017,12.0,0.9340100288391112,2.692879915237427,Africa
KEN,2018,12.0,,,Africa
KEN,2019,12.0,1.293589949607849,3.131449937820435,Africa
KEN,2020,12.0,,,Africa
KEN,2021,12.0,,,Africa
KEN,2022,12.0,,,Africa
LBR,2013,6.0,,,Africa
LBR,2014,6.0,,,Africa
LBR,2015,6.0,,,Africa
LBR,2016,6.0,,,Africa
LBR,2017,6.0,,,Africa
LBR,2018,6.0,,,Africa
LBR,2019,6.0,,,Africa
LBR,2020,6.0,,,Africa
LBR,2021,6.0,,,Africa
LBR,2022,6.0,,,Africa
LBY,2013,9.0,,,Africa
LBY,2014,9.0,,,Africa
LBY,2015,9.0,,,Africa
LBY,2016,9.0,,,Africa
LBY,2017,9.0,,,Africa
LBY,2018,12.0,,,Africa
LBY,2019,12.0,,,Africa
LBY,2020,12.0,,,Africa
LBY,2021,12.0,,,Africa
LBY,2022,12.0,,,Africa
LSO,2013,7.0,0.4320200085639954,12.1061897277832,Africa
LSO,2014,7.0,0.3949899971485138,12.50691986083984,Africa
LSO,2015,7.0,0.3231199979782104,12.90365982055664,Africa
LSO,2016,7.0,,,Africa
LSO,2017,7.0,0.3278400003910065,13.54955005645752,Africa
LSO,2018,7.0,0.3520799875259399,14.17613983154297,Africa
LSO,2019,7.0,,,Africa
LSO,2020,7.0,,,Africa
LSO,2021,7.0,,,Africa
LSO,2022,7.0,,,Africa
MAR,2013,9.0,1.405699968338013,5.701200008392334,Africa
MAR,2014,9.0,1.801349997520447,5.376810073852539,Africa
MAR,2015,9.0,1.753350019454956,5.128429889678955,Africa
MAR,2016,9.0,1.74793004989624,4.88709020614624,Africa
MAR,2017,9.0,1.992599964141846,5.078579902648926,Africa
MAR,2018,9.0,1.932289958000183,5.009479999542236,Africa
MAR,2019,9.0,1.972360014915466,5.063109874725342,Africa
MAR,2020,9.0,2.064929962158203,5.335909843444824,Africa
MAR,2021,9.0,1.868909955024719,5.56348991394043,Africa
MAR,2022,9.0,1.744830012321472,5.496200084686279,Africa
MDG,2013,12.0,1.745380043983459,4.458590030670166,Africa
MDG,2014,12.0,1.766870021820068,3.883330106735229,Africa
MDG,2015,12.0,1.8126300573349,3.823040008544922,Africa
MDG,2016,12.0,1.768210053443909,3.759890079498291,Africa
MDG,2017,12.0,1.743370056152344,3.492919921875,Africa
MDG,2018,12.0,1.345999956130981,3.240210056304932,Africa
MDG,2019,12.0,1.913679957389832,3.135159969329834,Africa
MDG,2020,12.0,0.8922600150108337,3.16008996963501,Africa
MDG,2021,12.0,,,Africa
MDG,2022,12.0,0.5518699884414673,2.997750043869019,Africa
MLI,2013,12.0,0.9666100144386292,8.081089973449707,Africa
MLI,2014,12.0,0.8749499917030334,9.33372974395752,Africa
MLI,2015,12.0,0.8562800288200378,10.56169033050537,Africa
MLI,2016,12.0,,,Africa
MLI,2017,12.0,,,Africa
MLI,2018,12.0,,,Africa
MLI,2019,12.0,,,Africa
MLI,2020,12.0,,,Africa
MLI,2021,12.0,,,Africa
MLI,2022,12.0,,,Africa
MOZ,2013,,0.2840699851512909,1.455410003662109,Africa
MOZ,2014,,0.3696900010108948,1.355029940605164,Africa
MOZ,2015,,,1.452229976654053,Africa
MOZ,2016,,0.3805899918079376,1.39848005771637,Africa
MOZ,2017,,0.294050008058548,1.508090019226074,Africa
MOZ,2018,,0.3594599962234497,1.482869982719421,Africa
MRT,2013,13.0,,21.39512062072754,Africa
MRT,2014,13.0,,,Africa
MRT,2015,13.0,1.360579967498779,23.71784973144531,Africa
MRT,2016,13.0,2.036489963531494,24.51914024353027,Africa
MRT,2017,13.0,1.440299987792969,25.33826065063477,Africa
MRT,2018,13.0,,27.46533966064453,Africa
MRT,2019,13.0,1.451939940452576,23.9155101776123,Africa
MRT,2020,13.0,1.448210000991821,25.03487968444824,Africa
MRT,2021,13.0,,,Africa
MRT,2022,13.0,,,Africa
MUS,2013,13.0,2.868740081787109,17.41941070556641,Africa
MUS,2014,13.0,3.821340084075928,18.30956077575684,Africa
MUS,2015,13.0,4.024189949035645,19.72522926330566,Africa
MUS,2016,13.0,4.547120094299316,20.18210983276367,Africa
MUS,2017,13.0,5.371940135955811,22.19860076904297,Africa
MUS,2018,13.0,,20.23288917541504,Africa
MUS,2019,13.0,,19.09972953796387,Africa
MUS,2020,13.0,6.711540222167969,18.39059066772461,Africa
MUS,2021,13.0,6.71081018447876,15.88249015808105,Africa
MUS,2022,13.0,7.052120208740234,14.09259986877441,Africa
MWI,2013,8.0,,,Africa
MWI,2014,8.0,,,Africa
MWI,2015,8.0,,,Africa
MWI,2016,8.0,,,Africa
MWI,2017,8.0,,,Africa
MWI,2018,8.0,,,Africa
MWI,2019,8.0,,,Africa
MWI,2020,8.0,,,Africa
MWI,2021,8.0,,,Africa
MWI,2022,8.0,,,Africa
NAM,2013,7.0,,,Africa
NAM,2014,7.0,8.757960319519043,10.12808036804199,Africa
NAM,2015,7.0,8.561129570007324,10.68867015838623,Africa
NAM,2016,7.0,7.064720153808594,9.843350410461426,Africa
NAM,2017,7.0,6.105700016021729,9.128009796142578,Africa
NAM,2018,7.0,4.76117992401123,9.252670288085938,Africa
NAM,2019,7.0,4.683839797973633,7.496719837188721,Africa
NAM,2020,7.0,3.243520021438599,6.392819881439209,Africa
NAM,2021,7.0,,,Africa
NAM,2022,7.0,3.139630079269409,5.252099990844727,Africa
NER,2015,,3.865309953689575,12.54207038879395,Africa
NER,2016,,4.485330104827881,10.8111400604248,Africa
NER,2017,,4.319119930267334,9.23484992980957,Africa
NER,2018,,5.180659770965576,8.043720245361328,Africa
NER,2019,,5.406949996948242,9.321889877319336,Africa
NGA,2013,9.0,,,Africa
NGA,2014,9.0,,,Africa
NGA,2015,9.0,,,Africa
NGA,2016,9.0,,,Africa
NGA,2017,9.0,,,Africa
NGA,2018,9.0,,,Africa
NGA,2019,9.0,,,Africa
NGA,2020,9.0,,,Africa
NGA,2021,9.0,,,Africa
NGA,2022,9.0,,,Africa
RWA,2013,6.0,0.9556499719619752,8.648480415344238,Africa
RWA,2014,6.0,0.9276000261306764,8.091440200805664,Africa
RWA,2015,6.0,0.9684399962425232,6.386879920959473,Africa
RWA,2016,6.0,0.7257599830627441,5.694039821624756,Africa
RWA,2017,9.0,1.72953999042511,5.897570133209229,Africa
RWA,2018,9.0,4.031010150909424,6.65792989730835,Africa
RWA,2019,9.0,3.637979984283447,7.76692008972168,Africa
RWA,2020,9.0,4.202469825744629,6.989850044250488,Africa
RWA,2021,9.0,,,Africa
RWA,2022,9.0,4.534599781036377,7.165239810943604,Africa
SDN,2013,8.0,,1.542799949645996,Africa
SDN,2014,8.0,,1.843140006065369,Africa
SDN,2015,11.0,,1.951509952545166,Africa
SDN,2016,11.0,,,Africa
SDN,2017,11.0,,,Africa
SDN,2018,11.0,,,Africa
SDN,2019,11.0,,,Africa
SDN,2020,11.0,,,Africa
SDN,2021,11.0,,,Africa
SDN,2022,11.0,,,Africa
SEN,2013,11.0,13.83742046356201,8.42926025390625,Africa
SEN,2014,11.0,14.69561004638672,8.537480354309082,Africa
SEN,2015,11.0,15.79401969909668,8.567370414733887,Africa
SEN,2016,11.0,8.120800018310547,8.36793041229248,Africa
SEN,2017,11.0,8.322930335998535,7.914460182189941,Africa
SEN,2018,11.0,7.808889865875244,7.536349773406982,Africa
SEN,2019,11.0,7.596549987792969,7.73429012298584,Africa
SEN,2020,11.0,7.046450138092041,7.636750221252441,Africa
SEN,2021,11.0,6.282599925994873,7.258969783782959,Africa
SEN,2022,10.0,6.015820026397705,6.92087984085083,Africa
SLE,2013,9.0,,,Africa
SLE,2014,9.0,,,Africa
SLE,2015,9.0,,,Africa
SLE,2016,9.0,,,Africa
SLE,2017,9.0,,,Africa
SLE,2018,9.0,,,Africa
SLE,2019,9.0,,,Africa
SLE,2020,9.0,,,Africa
SLE,2021,9.0,,,Africa
SLE,2022,9.0,,,Africa
SSD,2013,8.0,,,Africa
SSD,2014,8.0,,,Africa
SSD,2015,8.0,,,Africa
SSD,2016,8.0,,,Africa
SSD,2017,8.0,,,Africa
SSD,2018,8.0,,,Africa
SSD,2019,8.0,,,Africa
SSD,2020,8.0,,,Africa
SSD,2021,8.0,,,Africa
SSD,2022,8.0,,,Africa
STP,2013,6.0,,,Africa
STP,2014,6.0,,39.55266952514648,Africa
STP,2015,6.0,,27.47175025939941,Africa
STP,2016,6.0,,,Africa
STP,2017,6.0,,,Africa
STP,2018,6.0,,,Africa
STP,2019,6.0,,,Africa
STP,2020,6.0,,,Africa
STP,2021,6.0,,,Africa
STP,2022,6.0,,,Africa
SWZ,2013,7.0,0.508870005607605,34.9381103515625,Africa
SWZ,2014,7.0,,,Africa
SWZ,2015,7.0,,,Africa
SWZ,2016,7.0,,,Africa
SWZ,2017,7.0,,,Africa
SWZ,2018,7.0,,,Africa
SWZ,2019,7.0,,,Africa
SWZ,2020,7.0,,,Africa
SWZ,2021,7.0,,,Africa
SWZ,2022,7.0,,,Africa
SYC,2013,10.0,0.0,198.5906982421875,Africa
SYC,2014,10.0,0.0,93.42748260498048,Africa
SYC,2015,10.0,0.0,40.18973159790039,Africa
SYC,2016,11.0,0.0,41.27001190185547,Africa
SYC,2017,11.0,0.0,36.97549057006836,Africa
SYC,2018,11.0,0.0,49.25873184204102,Africa
SYC,2019,11.0,0.0,49.71646881103516,Africa
SYC,2020,11.0,0.0,68.6845932006836,Africa
SYC,2021,11.0,0.0,54.53020858764648,Africa
SYC,2022,11.0,0.0,54.53054809570313,Africa
TCD,2013,10.0,,,Africa
TCD,2014,10.0,,14.85657978057861,Africa
TCD,2015,10.0,,15.11544990539551,Africa
TCD,2016,10.0,,,Africa
TCD,2017,10.0,,,Africa
TCD,2018,10.0,,,Africa
TCD,2019,10.0,,,Africa
TCD,2020,10.0,0.0,29.36829948425293,Africa
TCD,2021,10.0,,,Africa
TCD,2022,10.0,,,Africa
TGO,2013,5.0,,7.009300231933594,Africa
TGO,2014,5.0,,7.804870128631592,Africa
TGO,2015,5.0,,8.660440444946289,Africa
TGO,2016,5.0,,7.060739994049072,Africa
TGO,2017,5.0,,6.925139904022217,Africa
TGO,2018,5.0,,7.240530014038086,Africa
TGO,2019,5.0,,6.81898021697998,Africa
TGO,2020,5.0,,6.381030082702637,Africa
TGO,2021,5.0,,,Africa
TGO,2022,5.0,,,Africa
TUN,2013,11.0,1.848289966583252,5.058909893035889,Africa
TUN,2014,11.0,,5.458849906921387,Africa
TUN,2015,11.0,1.996749997138977,5.857619762420654,Africa
TUN,2016,11.0,2.116909980773926,7.029160022735596,Africa
TUN,2017,11.0,2.257230043411255,7.92588996887207,Africa
TUN,2018,11.0,2.216619968414307,8.789119720458984,Africa
TUN,2019,11.0,,9.080869674682615,Africa
TUN,2020,11.0,3.094379901885986,9.347979545593262,Africa
TUN,2021,11.0,3.082870006561279,9.788129806518556,Africa
TUN,2022,11.0,2.892770051956177,9.116069793701172,Africa
TZA,2013,7.0,,3.786969900131226,Africa
TZA,2014,7.0,,,Africa
TZA,2015,7.0,,3.741090059280396,Africa
TZA,2016,7.0,,3.959850072860718,Africa
TZA,2017,7.0,,,Africa
TZA,2018,7.0,,,Africa
TZA,2019,7.0,,,Africa
TZA,2020,7.0,,,Africa
TZA,2021,13.0,0.4491499960422516,3.623140096664429,Africa
TZA,2022,13.0,0.4072099924087524,2.557670116424561,Africa
UGA,2014,,,3.334579944610596,Africa
ZAF,2013,12.0,4.089540004730225,0.6866099834442139,Africa
ZAF,2014,12.0,4.181859970092773,0.8079699873924255,Africa
ZAF,2015,12.0,4.120910167694092,0.8672699928283691,Africa
ZAF,2016,12.0,4.284520149230957,0.9636399745941162,Africa
ZAF,2017,12.0,4.062119960784912,0.9659299850463868,Africa
ZAF,2018,12.0,3.588989973068237,1.02249002456665,Africa
ZAF,2019,12.0,3.471960067749023,1.079229950904846,Africa
ZAF,2020,12.0,3.044209957122803,1.127709984779358,Africa
ZAF,2021,12.0,2.922719955444336,1.092869997024536,Africa
ZAF,2022,12.0,2.501760005950928,1.035030007362366,Africa
ZMB,2013,7.0,,,Africa
ZMB,2014,7.0,,,Africa
ZMB,2015,7.0,,,Africa
ZMB,2016,7.0,,,Africa
ZMB,2017,7.0,,,Africa
ZMB,2018,7.0,,,Africa
ZMB,2019,7.0,,,Africa
ZMB,2020,7.0,,,Africa
ZMB,2021,7.0,,,Africa
ZMB,2022,7.0,,,Africa
ZWE,2013,,,17.77263069152832,Africa
ZWE,2015,,0.4668999910354614,12.69165992736816,Africa
AFG,2013,12.0,,,Asia
AFG,2014,12.0,0.0,7.469590187072754,Asia
AFG,2015,12.0,,,Asia
AFG,2016,12.0,,,Asia
AFG,2017,12.0,,,Asia
AFG,2018,12.0,,8.281169891357422,Asia
AFG,2019,12.0,,,Asia
AFG,2020,12.0,0.0,7.728990077972412,Asia
AFG,2021,12.0,,,Asia
AFG,2022,12.0,,,Asia
ARE,2013,12.0,,6.562910079956055,Asia
ARE,2014,12.0,,6.590320110321045,Asia
ARE,2015,12.0,,6.957449913024902,Asia
ARE,2016,12.0,,7.345349788665771,Asia
ARE,2017,12.0,,5.8713698387146,Asia
ARE,2018,12.0,72.5889892578125,,Asia
ARE,2019,12.0,72.78182983398438,4.516600131988525,Asia
ARE,2020,12.0,71.97245025634766,4.971459865570068,Asia
ARE,2021,12.0,71.31717681884766,,Asia
ARE,2022,12.0,70.20426177978516,,Asia
ARM,2013,12.0,3.016309976577759,6.203700065612793,Asia
ARM,2014,12.0,3.949069976806641,6.626580238342285,Asia
ARM,2015,12.0,4.210080146789551,7.175809860229492,Asia
ARM,2016,12.0,4.100430011749268,7.233230113983154,Asia
ARM,2017,12.0,4.303780078887939,5.619050025939941,Asia
ARM,2018,12.0,4.468810081481934,6.379069805145264,Asia
ARM,2019,12.0,5.5176100730896,6.995510101318359,Asia
ARM,2020,12.0,5.912280082702637,5.633560180664063,Asia
ARM,2021,12.0,5.908530235290527,5.232120037078857,Asia
ARM,2022,12.0,7.255589962005615,5.696579933166504,Asia
AZE,2013,11.0,2.367399930953979,11.89352989196777,Asia
AZE,2014,11.0,2.254849910736084,16.69990921020508,Asia
AZE,2015,11.0,2.051899909973145,19.57826042175293,Asia
AZE,2016,11.0,2.008630037307739,21.2644100189209,Asia
AZE,2017,11.0,2.072789907455444,20.7537899017334,Asia
AZE,2018,11.0,2.340869903564453,22.0265007019043,Asia
AZE,2019,11.0,2.227420091629028,20.24628067016602,Asia
AZE,2020,11.0,2.360359907150269,18.04237937927246,Asia
AZE,2021,11.0,2.277299880981445,17.72281074523926,Asia
AZE,2022,11.0,2.391949892044067,18.62885093688965,Asia
BGD,2014,,,2.571619987487793,Asia
BGD,2016,5.0,,2.309989929199219,Asia
BGD,2017,5.0,,2.103650093078613,Asia
BGD,2018,5.0,,1.597599983215332,Asia
BGD,2019,5.0,,1.205479979515076,Asia
BGD,2020,5.0,,1.42235004901886,Asia
BGD,2021,5.0,,,Asia
BGD,2022,5.0,0.0598299987614155,1.677049994468689,Asia
BHR,2013,12.0,,12.48373031616211,Asia
BHR,2014,12.0,13.22120952606201,13.23270988464355,Asia
BHR,2015,12.0,13.87368011474609,13.99285984039307,Asia
BHR,2016,12.0,12.60910987854004,14.28841972351074,Asia
BHR,2017,12.0,13.1469898223877,13.81322956085205,Asia
BHR,2018,12.0,13.44013977050781,12.96032047271729,Asia
BHR,2019,12.0,14.15040016174316,11.16156959533691,Asia
BHR,2020,12.0,12.75623035430908,10.91063976287842,Asia
BHR,2021,12.0,11.66094017028809,10.13039970397949,Asia
BHR,2022,12.0,10.57458019256592,9.052490234375,Asia
BRN,2013,0.0,,40.05018997192383,Asia
BRN,2014,0.0,3.188100099563599,30.82835006713867,Asia
BRN,2015,0.0,4.868400096893311,31.80273056030273,Asia
BRN,2016,0.0,3.16985011100769,32.00693130493164,Asia
BRN,2017,0.0,3.760890007019043,28.80026054382324,Asia
BRN,2018,0.0,4.367010116577148,25.10880088806152,Asia
BRN,2019,0.0,3.407449960708618,18.5951099395752,Asia
BRN,2020,0.0,3.724390029907227,22.87030029296875,Asia
BRN,2021,0.0,,,Asia
BRN,2022,0.0,,,Asia
BTN,2013,11.0,,43.06232833862305,Asia
BTN,2014,11.0,,,Asia
BTN,2015,11.0,,,Asia
BTN,2016,11.0,,,Asia
BTN,2017,11.0,,,Asia
BTN,2018,11.0,,38.37479019165039,Asia
BTN,2019,11.0,,,Asia
BTN,2020,11.0,,44.02602005004883,Asia
BTN,2021,11.0,34.2347297668457,38.02256011962891,Asia
BTN,2022,11.0,,39.13592147827148,Asia
CHN,2013,9.0,0.2827999889850616,2.109139919281006,Asia
CHN,2014,9.0,0.2581300139427185,1.836570024490356,Asia
CHN,2015,9.0,0.2839199900627136,1.887629985809326,Asia
CHN,2016,9.0,0.3133699893951416,1.975229978561401,Asia
CHN,2017,9.0,0.3560299873352051,2.1038498878479,Asia
CHN,2018,9.0,0.3967300057411194,2.22022008895874,Asia
CHN,2019,9.0,0.4280900061130524,2.255680084228516,Asia
CHN,2020,9.0,0.4480699896812439,2.208159923553467,Asia
CHN,2021,9.0,0.4118199944496155,1.930189967155457,Asia
CHN,2022,9.0,0.3691099882125854,1.841639995574951,Asia
CYP,2013,12.0,14.87876987457275,82.31707763671875,Asia
CYP,2014,12.0,14.34934997558594,77.32227325439453,Asia
CYP,2015,12.0,17.53215026855469,68.7054214477539,Asia
CYP,2016,12.0,19.13896942138672,63.03686141967773,Asia
CYP,2017,12.0,23.08950042724609,54.03171920776367,Asia
CYP,2018,12.0,23.899169921875,56.18302917480469,Asia
CYP,2019,12.0,26.06002998352051,52.10226058959961,Asia
CYP,2020,12.0,27.1901798248291,48.86650848388672,Asia
CYP,2021,12.0,21.83037948608398,49.96789932250977,Asia
CYP,2022,12.0,20.24869918823242,48.27672958374023,Asia
GEO,2013,12.0,3.033370018005371,6.370779991149902,Asia
GEO,2014,12.0,,7.746870040893555,Asia
GEO,2015,12.0,3.745110034942627,6.950349807739258,Asia
GEO,2016,12.0,4.931640148162842,6.613470077514648,Asia
GEO,2017,12.0,5.538430213928223,7.852499961853027,Asia
GEO,2018,12.0,6.747640132904053,7.044469833374023,Asia
GEO,2019,12.0,8.111700057983398,6.471950054168701,Asia
GEO,2020,12.0,8.72305965423584,6.170539855957031,Asia
GEO,2021,12.0,9.06177043914795,5.680300235748291,Asia
GEO,2022,12.0,10.72119045257568,5.428659915924072,Asia
HKG,2013,12.0,8.898619651794434,10.72426986694336,Asia
HKG,2014,12.0,9.84401035308838,11.15921974182129,Asia
HKG,2015,12.0,10.70007991790771,12.19268989562988,Asia
HKG,2016,12.0,10.65676975250244,12.42850971221924,Asia
HKG,2017,12.0,11.44102954864502,12.18684005737305,Asia
HKG,2018,12.0,12.50771999359131,12.26099014282227,Asia
HKG,2019,12.0,14.31223011016846,12.17502975463867,Asia
HKG,2020,12.0,16.21058082580566,12.12061023712158,Asia
HKG,2021,12.0,16.48258018493652,12.15081024169922,Asia
HKG,2022,12.0,19.03713035583496,13.14593029022217,Asia
IDN,2013,9.0,,0.614139974117279,Asia
IDN,2014,12.0,,0.6119800209999084,Asia
IDN,2015,12.0,0.1037100031971931,0.6367300152778625,Asia
IDN,2016,12.0,0.1005000025033951,0.6271299719810486,Asia
IDN,2017,12.0,0.0977199971675873,0.6111500263214111,Asia
IDN,2018,12.0,0.0955199971795082,0.6447499990463257,Asia
IDN,2019,12.0,,,Asia
IDN,2020,12.0,,,Asia
IDN,2021,12.0,,,Asia
IDN,2022,12.0,,0.6741099953651428,Asia
IND,2013,8.0,0.1221600025892258,0.6801300048828125,Asia
IND,2014,8.0,0.1286599934101105,0.7163500189781189,Asia
IND,2015,8.0,0.1307899951934814,0.8044300079345703,Asia
IND,2016,8.0,0.1381999999284744,0.947160005569458,Asia
IND,2017,8.0,0.1399399936199188,1.028010010719299,Asia
IND,2018,8.0,0.1341899931430817,1.105679988861084,Asia
IND,2019,8.0,0.1349299997091293,1.316400051116943,Asia
IND,2020,8.0,0.1356000006198883,1.435619950294495,Asia
IND,2021,8.0,0.1237799972295761,1.327309966087341,Asia
IND,2022,8.0,0.1150700002908707,1.532989978790283,Asia
IRN,2013,9.0,0.1615699976682663,1.133190035820007,Asia
IRN,2014,9.0,0.2409200072288513,1.084810018539429,Asia
IRN,2015,9.0,0.2866500020027161,1.06482994556427,Asia
IRN,2016,9.0,0.4300000071525574,1.213629961013794,Asia
IRN,2017,9.0,0.5163699984550476,1.306290030479431,Asia
IRN,2018,9.0,0.5691199898719788,1.573590040206909,Asia
IRN,2019,9.0,0.6403399705886841,1.770009994506836,Asia
IRN,2020,9.0,0.7659199833869934,2.157969951629639,Asia
IRN,2021,9.0,,2.419420003890991,Asia
IRN,2022,9.0,,2.565749883651733,Asia
IRQ,2013,12.0,,,Asia
IRQ,2014,12.0,,,Asia
IRQ,2015,12.0,,,Asia
IRQ,2016,12.0,,,Asia
IRQ,2017,12.0,,,Asia
IRQ,2018,12.0,,,Asia
IRQ,2019,12.0,,,Asia
IRQ,2020,12.0,,,Asia
IRQ,2021,12.0,,,Asia
IRQ,2022,12.0,,,Asia
ISR,2013,12.0,2.758709907531738,3.722870111465454,Asia
ISR,2014,12.0,2.777810096740723,3.736239910125732,Asia
ISR,2015,12.0,,3.605530023574829,Asia
ISR,2016,12.0,,3.74780011177063,Asia
ISR,2017,12.0,,3.943330049514771,Asia
ISR,2018,12.0,,4.340620040893555,Asia
ISR,2019,12.0,,4.336040019989014,Asia
ISR,2020,12.0,3.439359903335571,4.789760112762451,Asia
ISR,2021,12.0,3.35191011428833,4.604179859161377,Asia
ISR,2022,12.0,3.199790000915527,4.611879825592041,Asia
JOR,2013,10.0,,,Asia
JOR,2014,10.0,,,Asia
JOR,2015,10.0,12.91063022613525,7.234570026397705,Asia
JOR,2016,12.0,14.89943027496338,7.864130020141602,Asia
JOR,2017,12.0,13.94027996063232,8.832420349121094,Asia
JOR,2018,12.0,13.96152973175049,8.35431957244873,Asia
JOR,2019,12.0,12.90606021881104,8.982810020446777,Asia
JOR,2020,12.0,12.23379039764404,9.400279998779297,Asia
JOR,2021,12.0,12.33465957641602,9.355810165405272,Asia
JOR,2022,12.0,10.76486015319824,9.132390022277832,Asia
JPN,2013,9.0,3.515710115432739,0.8657000064849854,Asia
JPN,2014,9.0,3.435250043869019,0.8777099847793579,Asia
JPN,2015,9.0,3.432159900665283,0.7952100038528442,Asia
JPN,2016,9.0,3.729130029678345,0.8234800100326538,Asia
JPN,2017,9.0,4.265160083770752,0.8245700001716614,Asia
JPN,2018,9.0,4.732140064239502,0.8312900066375732,Asia
JPN,2019,9.0,5.237989902496338,0.8317400217056274,Asia
JPN,2020,9.0,5.731299877166748,0.8461899757385254,Asia
JPN,2021,9.0,5.574530124664307,0.7577199935913086,Asia
JPN,2022,9.0,5.121140003204346,0.8039100170135498,Asia
KAZ,2013,11.0,1.114590048789978,6.932290077209473,Asia
KAZ,2014,11.0,1.509209990501404,9.210570335388184,Asia
KAZ,2015,11.0,1.515310049057007,11.88516998291016,Asia
KAZ,2016,11.0,2.009989976882935,14.46805000305176,Asia
KAZ,2017,11.0,2.210429906845093,13.54335975646973,Asia
KAZ,2018,11.0,2.267549991607666,13.94184970855713,Asia
KAZ,2019,11.0,3.317739963531494,13.04244041442871,Asia
KAZ,2020,11.0,5.507750034332275,10.80152034759521,Asia
KAZ,2021,11.0,,,Asia
KAZ,2022,11.0,,,Asia
KGZ,2013,11.0,3.957429885864258,2.077310085296631,Asia
KGZ,2014,11.0,4.505449771881104,3.123379945755005,Asia
KGZ,2015,11.0,4.794219970703125,3.562540054321289,Asia
KGZ,2016,11.0,5.93149995803833,4.595510005950928,Asia
KGZ,2017,11.0,6.552589893341064,4.93513011932373,Asia
KGZ,2018,11.0,7.595099925994873,5.889780044555664,Asia
KGZ,2019,11.0,8.975580215454102,5.957719802856445,Asia
KGZ,2020,11.0,15.53956985473633,5.876339912414551,Asia
KGZ,2021,11.0,23.04545974731445,5.692359924316406,Asia
KGZ,2022,11.0,28.54833030700684,6.057640075683594,Asia
KHM,2013,9.0,,,Asia
KHM,2014,9.0,,,Asia
KHM,2015,9.0,,2.432889938354492,Asia
KHM,2016,9.0,,,Asia
KHM,2017,9.0,,2.906339883804321,Asia
KHM,2018,9.0,,3.021239995956421,Asia
KHM,2019,9.0,,3.138459920883179,Asia
KHM,2020,9.0,,,Asia
KHM,2021,9.0,0.2586300075054169,3.735100030899048,Asia
KHM,2022,9.0,,3.603169918060303,Asia
KOR,2013,9.0,1.661630034446716,3.406960010528564,Asia
KOR,2014,9.0,1.580659985542297,3.318389892578125,Asia
KOR,2015,9.0,1.668859958648682,3.300519943237305,Asia
KOR,2016,9.0,1.931380033493042,3.291800022125244,Asia
KOR,2017,9.0,2.257240056991577,3.362390041351318,Asia
KOR,2018,9.0,2.748199939727783,3.297930002212524,Asia
KOR,2019,9.0,3.25629997253418,3.346230030059814,Asia
KOR,2020,9.0,3.726119995117188,3.410279989242554,Asia
KOR,2021,12.0,4.075479984283447,3.065900087356567,Asia
KOR,2022,12.0,4.362460136413574,3.097549915313721,Asia
KWT,2013,12.0,,,Asia
KWT,2014,12.0,,18.58283996582031,Asia
KWT,2015,12.0,,18.69589996337891,Asia
KWT,2016,12.0,,19.31819915771484,Asia
KWT,2017,12.0,,19.71929931640625,Asia
KWT,2018,12.0,,21.23043060302734,Asia
KWT,2019,12.0,,20.52359962463379,Asia
KWT,2020,12.0,,18.95223999023438,Asia
KWT,2021,12.0,,19.77821922302246,Asia
KWT,2022,12.0,,,Asia
LAO,2013,5.0,0.2312300056219101,3.527309894561768,Asia
LAO,2014,5.0,0.4100100100040436,2.558279991149902,Asia
LAO,2015,5.0,0.2419500052928925,2.710949897766113,Asia
LAO,2016,9.0,0.3681400120258331,5.13454008102417,Asia
LAO,2017,9.0,0.423660010099411,4.579969882965088,Asia
LAO,2018,9.0,0.4694699943065643,6.274189949035645,Asia
LAO,2019,9.0,0.4618000090122223,8.180879592895508,Asia
LAO,2020,9.0,0.5768399834632874,10.02068042755127,Asia
LAO,2021,9.0,,,Asia
LAO,2022,9.0,,,Asia
LBN,2013,10.0,,5.499959945678711,Asia
LBN,2014,10.0,7.641270160675049,6.098440170288086,Asia
LBN,2015,10.0,9.854570388793944,6.816249847412109,Asia
LBN,2016,10.0,8.872420310974121,7.330259799957275,Asia
LBN,2017,9.0,8.894049644470215,8.122119903564453,Asia
LBN,2018,9.0,9.306489944458008,7.901730060577393,Asia
LBN,2019,9.0,9.58778953552246,7.690229892730713,Asia
LBN,2020,9.0,9.248080253601074,8.428779602050781,Asia
LBN,2021,9.0,12.39739990234375,8.865859985351562,Asia
LBN,2022,9.0,14.27649021148682,9.968589782714844,Asia
LKA,2013,13.0,0.2740299999713898,5.412769794464111,Asia
LKA,2014,13.0,0.2956799864768982,5.426000118255615,Asia
LKA,2015,13.0,0.3201299905776978,5.679480075836182,Asia
LKA,2016,13.0,0.4361500144004822,6.516079902648926,Asia
LKA,2017,13.0,0.451990008354187,7.261149883270264,Asia
LKA,2018,13.0,0.4395000040531158,8.156889915466309,Asia
LKA,2019,13.0,0.4692099988460541,8.836549758911133,Asia
LKA,2020,13.0,0.3866899907588959,9.139490127563477,Asia
LKA,2021,13.0,0.3556900024414063,8.272850036621094,Asia
LKA,2022,13.0,,7.797520160675049,Asia
MAC,2013,12.0,33.57934951782227,7.866859912872314,Asia
MAC,2014,12.0,36.82801818847656,7.022119998931885,Asia
MAC,2015,12.0,39.68996810913086,8.708510398864746,Asia
MAC,2016,12.0,42.3803596496582,8.297750473022461,Asia
MAC,2017,12.0,45.25495910644531,10.69764995574951,Asia
MAC,2018,12.0,48.80960083007813,8.19616985321045,Asia
MAC,2019,12.0,52.4869499206543,8.214150428771973,Asia
MAC,2020,12.0,55.77312088012695,7.615009784698486,Asia
MAC,2021,12.0,59.25101852416992,6.424699783325195,Asia
MAC,2022,12.0,64.15827178955078,5.25393009185791,Asia
MDV,2014,,,39.33869934082031,Asia
MDV,2015,12.0,,,Asia
MDV,2016,12.0,,,Asia
MDV,2017,12.0,,20.2512092590332,Asia
MDV,2018,12.0,,,Asia
MDV,2019,12.0,,21.89946937561035,Asia
MDV,2020,12.0,,,Asia
MDV,2021,12.0,,,Asia
MDV,2022,12.0,,,Asia
MMR,2013,5.0,,,Asia
MMR,2014,5.0,,,Asia
MMR,2015,5.0,,,Asia
MMR,2016,5.0,,,Asia
MMR,2017,5.0,,,Asia
MMR,2018,5.0,0.0492400005459785,1.148259997367859,Asia
MMR,2019,5.0,,,Asia
MMR,2020,5.0,,,Asia
MMR,2021,5.0,,,Asia
MMR,2022,5.0,,,Asia
MNG,2013,12.0,0.621429979801178,5.172599792480469,Asia
MNG,2014,12.0,0.6449599862098694,5.482490062713623,Asia
MNG,2015,12.0,0.6934400200843811,5.419539928436279,Asia
MNG,2016,12.0,0.8916199803352356,6.241909980773926,Asia
MNG,2017,12.0,0.9672999978065492,6.732649803161621,Asia
MNG,2018,12.0,1.053799986839294,7.725369930267334,Asia
MNG,2019,12.0,1.443300008773804,8.520689964294434,Asia
MNG,2020,12.0,,,Asia
MNG,2021,12.0,,,Asia
MNG,2022,12.0,1.038579940795898,10.68992042541504,Asia
MYS,2013,11.0,,5.359439849853516,Asia
MYS,2014,11.0,8.833829879760742,5.543650150299072,Asia
MYS,2015,11.0,8.558770179748535,4.972859859466553,Asia
MYS,2016,11.0,9.287569999694824,4.871510028839111,Asia
MYS,2017,11.0,8.068129539489746,5.109039783477783,Asia
MYS,2018,11.0,,4.873270034790039,Asia
MYS,2019,11.0,6.727129936218262,4.977049827575684,Asia
MYS,2020,11.0,7.477779865264893,4.783520221710205,Asia
MYS,2021,11.0,8.065670013427734,4.202250003814697,Asia
MYS,2022,11.0,8.970390319824219,4.282000064849854,Asia
NPL,2013,8.0,,6.742949962615967,Asia
NPL,2014,8.0,,7.794060230255127,Asia
NPL,2015,12.0,,9.107799530029297,Asia
NPL,2016,12.0,,13.70053005218506,Asia
NPL,2017,12.0,,17.33806037902832,Asia
NPL,2018,12.0,,20.27279090881348,Asia
NPL,2019,12.0,,21.30647087097168,Asia
NPL,2020,12.0,,22.37019920349121,Asia
NPL,2021,12.0,,19.0496997833252,Asia
NPL,2022,12.0,,20.63507080078125,Asia
OMN,2013,12.0,2.443459987640381,10.93280982971191,Asia
OMN,2014,12.0,2.627239942550659,10.9696102142334,Asia
OMN,2015,12.0,2.812979936599731,12.06424999237061,Asia
OMN,2016,12.0,2.945060014724731,12.61966991424561,Asia
OMN,2017,12.0,2.509710073471069,13.42765998840332,Asia
OMN,2018,12.0,2.725480079650879,13.62261962890625,Asia
OMN,2019,12.0,2.839309930801392,13.27371025085449,Asia
OMN,2020,12.0,2.880019903182983,12.99186038970947,Asia
OMN,2021,12.0,3.084700107574463,14.0815601348877,Asia
OMN,2022,12.0,,,Asia
PAK,2013,12.0,,2.106450080871582,Asia
PAK,2014,12.0,,2.309380054473877,Asia
PAK,2015,12.0,,2.576440095901489,Asia
PAK,2016,12.0,,2.833640098571777,Asia
PAK,2017,12.0,,2.774879932403564,Asia
PAK,2018,12.0,,3.086519956588745,Asia
PAK,2019,12.0,,2.310750007629395,Asia
PAK,2020,12.0,,2.339169979095459,Asia
PAK,2021,12.0,,2.415129899978638,Asia
PAK,2022,12.0,,3.539989948272705,Asia
PHL,2013,10.0,,0.3535299897193909,Asia
PHL,2014,10.0,,0.3731400072574615,Asia
PHL,2015,10.0,,0.3845100104808807,Asia
PHL,2016,10.0,,0.4025000035762787,Asia
PHL,2017,10.0,,0.484140008687973,Asia
PHL,2018,12.0,,0.6342300176620483,Asia
PHL,2019,12.0,,0.7052299976348877,Asia
PHL,2020,12.0,,0.7757899761199951,Asia
PHL,2021,12.0,,0.7212700247764587,Asia
PHL,2022,12.0,,,Asia
PSE,2013,12.0,0.0,10.40515041351318,Asia
PSE,2014,12.0,0.0,11.97727966308594,Asia
PSE,2015,12.0,0.0,12.42545986175537,Asia
PSE,2016,12.0,0.0,13.42568016052246,Asia
PSE,2017,12.0,0.0,11.96743965148926,Asia
PSE,2018,12.0,0.0,12.85770988464355,Asia
PSE,2019,12.0,0.0,13.3072395324707,Asia
PSE,2020,12.0,0.0,13.91926956176758,Asia
PSE,2021,12.0,0.0,14.55193042755127,Asia
PSE,2022,12.0,0.0,13.94849014282227,Asia
QAT,2013,9.0,40.70901870727539,23.32183074951172,Asia
QAT,2014,9.0,39.90496826171875,18.22526931762695,Asia
QAT,2015,9.0,37.71261978149414,19.70689964294434,Asia
QAT,2016,9.0,37.87921142578125,22.12410926818848,Asia
QAT,2017,9.0,35.2783203125,21.0477409362793,Asia
QAT,2018,9.0,34.20161819458008,26.80114936828613,Asia
QAT,2019,9.0,35.29378128051758,24.57896041870117,Asia
QAT,2020,9.0,37.45220184326172,22.01123046875,Asia
QAT,2021,12.0,37.56620025634766,19.0107307434082,Asia
QAT,2022,12.0,38.51742935180664,14.88241004943848,Asia
SAU,2013,12.0,4.580780029296875,5.528570175170898,Asia
SAU,2014,12.0,4.7953200340271,5.626780033111572,Asia
SAU,2015,12.0,4.783249855041504,5.646059989929199,Asia
SAU,2016,12.0,4.921840190887451,5.56309986114502,Asia
SAU,2017,12.0,4.660799980163574,5.012969970703125,Asia
SAU,2018,12.0,4.565100193023682,4.778210163116455,Asia
SAU,2019,12.0,4.429100036621094,4.05935001373291,Asia
SAU,2020,12.0,4.30580997467041,3.681449890136719,Asia
SAU,2021,12.0,4.030910015106201,3.172300100326538,Asia
SAU,2022,12.0,4.126790046691895,2.815799951553345,Asia
SGP,2013,0.0,,,Asia
SGP,2014,0.0,,,Asia
SGP,2015,0.0,,,Asia
SGP,2016,0.0,,,Asia
SGP,2017,0.0,,,Asia
SGP,2018,0.0,,,Asia
SGP,2019,0.0,,,Asia
SGP,2020,0.0,,,Asia
SGP,2021,0.0,,,Asia
SGP,2022,0.0,,,Asia
SYR,2013,12.0,,3.804160118103027,Asia
SYR,2014,12.0,,4.00521993637085,Asia
SYR,2015,12.0,,4.993070125579834,Asia
SYR,2016,12.0,,6.703919887542725,Asia
SYR,2017,12.0,,,Asia
SYR,2018,12.0,,,Asia
SYR,2019,12.0,,,Asia
SYR,2020,12.0,,,Asia
SYR,2021,12.0,,,Asia
SYR,2022,12.0,,,Asia
THA,2013,12.0,,1.091310024261475,Asia
THA,2014,12.0,,1.109099984169006,Asia
THA,2015,12.0,,,Asia
THA,2016,12.0,1.30961000919342,1.285570025444031,Asia
THA,2017,12.0,,,Asia
THA,2018,12.0,,,Asia
THA,2019,12.0,,,Asia
THA,2020,12.0,1.239359974861145,1.644619941711426,Asia
THA,2021,12.0,,,Asia
THA,2022,12.0,1.35276997089386,1.476099967956543,Asia
TJK,2013,9.0,0.8557400107383728,5.305059909820557,Asia
TJK,2014,9.0,0.5536199808120728,6.176750183105469,Asia
TJK,2015,9.0,0.8302000164985657,6.978700160980225,Asia
TJK,2016,11.0,0.6321499943733215,8.408849716186523,Asia
TJK,2017,11.0,0.8431699872016907,7.447539806365967,Asia
TJK,2018,11.0,,,Asia
TJK,2019,11.0,,,Asia
TJK,2020,11.0,,,Asia
TJK,2021,11.0,,,Asia
TJK,2022,11.0,,,Asia
TKM,2013,10.0,,,Asia
TKM,2014,12.0,0.1958999931812286,107.0527801513672,Asia
TKM,2015,12.0,,,Asia
TKM,2016,12.0,,,Asia
TKM,2017,12.0,,,Asia
TKM,2018,12.0,,,Asia
TKM,2019,12.0,0.2655900120735168,96.5573501586914,Asia
TKM,2020,12.0,0.2141200006008148,106.4972076416016,Asia
TKM,2021,12.0,0.1553899943828583,88.14885711669922,Asia
TKM,2022,12.0,0.0778099969029427,68.67581939697266,Asia
TLS,2013,9.0,,,Asia
TLS,2014,9.0,,,Asia
TLS,2015,9.0,,,Asia
TLS,2016,9.0,,,Asia
TLS,2017,9.0,,,Asia
TLS,2018,9.0,,,Asia
TLS,2019,9.0,,,Asia
TLS,2020,9.0,,,Asia
TLS,2021,9.0,,,Asia
TLS,2022,9.0,,,Asia
TUR,2013,12.0,1.093050003051758,0.9107800126075744,Asia
TUR,2014,12.0,0.8804500102996826,0.8258299827575684,Asia
TUR,2015,12.0,1.190490007400513,0.7530999779701233,Asia
TUR,2016,12.0,1.314110040664673,0.6809399724006653,Asia
TUR,2017,12.0,1.501270055770874,0.63468998670578,Asia
TUR,2018,12.0,1.655179977416992,0.6267200112342834,Asia
TUR,2019,12.0,1.987110018730164,0.6069200038909912,Asia
TUR,2020,12.0,2.320029973983765,0.6430699825286865,Asia
TUR,2021,12.0,2.705699920654297,0.6340199708938599,Asia
TUR,2022,12.0,2.941159963607788,0.7270399928092957,Asia
UZB,2013,12.0,0.2207300066947937,7.839330196380615,Asia
UZB,2014,12.0,0.2626200020313263,10.02832984924316,Asia
UZB,2015,12.0,0.2904300093650818,10.71697044372559,Asia
UZB,2016,12.0,0.2725099921226501,12.3863000869751,Asia
UZB,2017,12.0,0.2142499983310699,12.44736003875732,Asia
UZB,2018,12.0,0.2336200028657913,14.13195991516113,Asia
UZB,2019,12.0,,14.59253025054932,Asia
UZB,2020,12.0,,21.85901069641113,Asia
UZB,2021,12.0,0.7347800135612488,22.10691070556641,Asia
UZB,2022,12.0,,,Asia
VNM,2013,5.0,0.1603499948978424,2.488620042800903,Asia
VNM,2014,5.0,0.0943500027060509,2.209100008010864,Asia
VNM,2015,5.0,0.1165099963545799,2.758260011672974,Asia
VNM,2016,5.0,0.2437400072813034,3.582989931106567,Asia
VNM,2017,5.0,,,Asia
VNM,2018,5.0,,,Asia
VNM,2019,5.0,0.3687199950218201,6.385159969329834,Asia
VNM,2020,5.0,,,Asia
VNM,2021,5.0,0.3152700066566467,5.23261022567749,Asia
VNM,2022,5.0,0.2675600051879883,4.625030040740967,Asia
YEM,2013,9.0,,,Asia
YEM,2014,9.0,,,Asia
YEM,2015,9.0,,,Asia
YEM,2016,9.0,,,Asia
YEM,2017,9.0,,,Asia
YEM,2018,9.0,,,Asia
YEM,2019,9.0,,,Asia
YEM,2020,9.0,,,Asia
YEM,2021,9.0,,,Asia
YEM,2022,9.0,,,Asia
ALB,2013,12.0,,12.72776031494141,Europe
ALB,2014,12.0,,11.75452995300293,Europe
ALB,2015,12.0,,11.98913955688477,Europe
ALB,2016,12.0,,11.82631969451904,Europe
ALB,2017,12.0,,12.55422973632813,Europe
ALB,2018,12.0,1.493559956550598,14.23027992248535,Europe
ALB,2019,12.0,1.613890051841736,7.978829860687256,Europe
ALB,2020,12.0,1.72418999671936,9.027509689331056,Europe
ALB,2021,12.0,1.686630010604858,11.46407032012939,Europe
ALB,2022,12.0,1.511139988899231,11.96261978149414,Europe
AND,2013,10.0,36.2453498840332,228.5771331787109,Europe
AND,2014,10.0,,285.5350036621094,Europe
AND,2015,10.0,41.71657180786133,269.6010131835938,Europe
AND,2016,10.0,42.88320922851563,257.6493225097656,Europe
AND,2017,10.0,30.84745979309082,246.8263702392578,Europe
AND,2018,10.0,44.19713973999023,245.0472259521484,Europe
AND,2019,10.0,41.07424926757813,236.5944976806641,Europe
AND,2020,10.0,43.95100021362305,247.4971618652344,Europe
AND,2021,10.0,43.05344009399414,254.2153167724609,Europe
AND,2022,10.0,16.58799934387207,112.838623046875,Europe
AUT,2013,12.0,16.75872993469238,3.762150049209595,Europe
AUT,2014,12.0,15.47035026550293,3.941149950027466,Europe
AUT,2015,12.0,15.89103984832764,4.093550205230713,Europe
AUT,2016,12.0,16.34873962402344,4.221049785614014,Europe
AUT,2017,12.0,17.18621063232422,4.490970134735107,Europe
AUT,2018,12.0,17.4941291809082,5.027890205383301,Europe
AUT,2019,12.0,17.6412296295166,5.253960132598877,Europe
AUT,2020,12.0,17.9773006439209,5.712649822235107,Europe
AUT,2021,12.0,18.72414016723633,5.813549995422363,Europe
AUT,2022,12.0,19.38591957092285,6.010890007019043,Europe
BEL,2013,12.0,9.97935962677002,2.592010021209717,Europe
BEL,2014,12.0,11.19476985931396,2.602030038833618,Europe
BEL,2015,12.0,11.1844596862793,2.678800106048584,Europe
BEL,2016,12.0,12.021559715271,2.785700082778931,Europe
BEL,2017,12.0,8.538610458374023,2.854180097579956,Europe
BEL,2018,12.0,10.45448017120361,3.08024001121521,Europe
BEL,2019,12.0,10.04271984100342,3.194380044937134,Europe
BEL,2020,12.0,10.52472972869873,3.295259952545166,Europe
BEL,2021,12.0,9.830730438232422,3.16769003868103,Europe
BEL,2022,12.0,10.14690971374512,3.195719957351685,Europe
BGR,2013,12.0,4.082980155944824,8.761650085449219,Europe
BGR,2014,12.0,3.982439994812012,8.654529571533203,Europe
BGR,2015,12.0,4.245880126953125,8.723750114440918,Europe
BGR,2016,12.0,4.574679851531982,9.046839714050291,Europe
BGR,2017,12.0,5.499790191650391,10.03806018829346,Europe
BGR,2018,12.0,6.412509918212891,10.61143970489502,Europe
BGR,2019,12.0,7.190229892730713,10.80706024169922,Europe
BGR,2020,12.0,7.755680084228516,11.2378396987915,Europe
BGR,2021,12.0,8.007120132446289,11.30111026763916,Europe
BGR,2022,12.0,8.442119598388672,8.88344955444336,Europe
BIH,2013,9.0,6.482719898223877,9.56056022644043,Europe
BIH,2014,9.0,7.276060104370117,9.365090370178224,Europe
BIH,2015,9.0,7.472690105438232,10.21195983886719,Europe
BIH,2016,9.0,7.300769805908203,11.41310024261475,Europe
BIH,2017,9.0,7.116169929504395,15.09850978851318,Europe
BIH,2018,9.0,7.444660186767578,16.18888092041016,Europe
BIH,2019,9.0,7.115570068359375,16.93939018249512,Europe
BIH,2020,9.0,6.578299999237061,18.33002090454102,Europe
BIH,2021,9.0,6.648220062255859,18.20609092712402,Europe
BIH,2022,9.0,7.190330028533936,19.18997001647949,Europe
BLR,2013,11.0,2.40871000289917,6.787189960479736,Europe
BLR,2014,11.0,2.883430004119873,6.782100200653076,Europe
BLR,2015,11.0,3.328439950942993,6.057610034942627,Europe
BLR,2016,11.0,3.727050065994263,5.80355978012085,Europe
BLR,2017,11.0,4.195869922637939,5.354489803314209,Europe
BLR,2018,11.0,4.337230205535889,5.844220161437988,Europe
BLR,2019,11.0,4.822549819946289,6.177340030670166,Europe
BLR,2020,11.0,5.89247989654541,6.394320011138916,Europe
BLR,2021,11.0,6.466650009155273,7.102550029754639,Europe
BLR,2022,11.0,7.723390102386475,8.123600006103516,Europe
CHE,2013,9.0,16.8465404510498,4.366569995880127,Europe
CHE,2014,9.0,17.10329055786133,4.260819911956787,Europe
CHE,2015,9.0,17.18152046203613,4.326630115509033,Europe
CHE,2016,9.0,17.58806991577148,4.550169944763184,Europe
CHE,2017,9.0,17.75275993347168,4.785069942474365,Europe
CHE,2018,9.0,17.69527053833008,5.379260063171387,Europe
CHE,2019,13.0,17.7987003326416,5.572309970855713,Europe
CHE,2020,13.0,18.14266967773438,5.831729888916016,Europe
CHE,2021,13.0,18.43131065368652,5.637549877166748,Europe
CHE,2022,13.0,19.1284008026123,5.716450214385986,Europe
CZE,2013,13.0,9.390299797058104,2.945169925689697,Europe
CZE,2014,13.0,9.829580307006836,2.954760074615479,Europe
CZE,2015,13.0,10.54664039611816,3.165750026702881,Europe
CZE,2016,13.0,11.51021003723145,3.369420051574707,Europe
CZE,2017,13.0,12.54304027557373,3.740789890289307,Europe
CZE,2018,13.0,13.60550022125244,3.748169898986816,Europe
CZE,2019,13.0,14.36417961120605,3.723239898681641,Europe
CZE,2020,13.0,14.9893798828125,3.830970048904419,Europe
CZE,2021,13.0,15.57126998901367,3.747459888458252,Europe
CZE,2022,13.0,15.79189014434814,3.546679973602295,Europe
DEU,2013,13.0,7.072589874267578,4.336679935455322,Europe
DEU,2014,13.0,7.229650020599365,4.070730209350586,Europe
DEU,2015,13.0,7.68209981918335,3.933900117874146,Europe
DEU,2016,13.0,8.037079811096191,3.882129907608032,Europe
DEU,2017,13.0,8.373180389404297,3.978869915008545,Europe
DEU,2018,13.0,9.966279983520508,3.918970108032227,Europe
DEU,2019,13.0,10.10945987701416,3.722660064697266,Europe
DEU,2020,13.0,11.24125957489014,3.765010118484497,Europe
DEU,2021,13.0,11.22931957244873,3.762739896774292,Europe
DEU,2022,13.0,11.99833965301514,3.754120111465454,Europe
DNK,2013,10.0,10.12547016143799,1.818130016326904,Europe
DNK,2014,10.0,9.934009552001951,1.814479947090149,Europe
DNK,2015,10.0,10.28314971923828,1.608289957046509,Europe
DNK,2016,10.0,10.81054973602295,1.612630009651184,Europe
DNK,2017,10.0,10.75681018829346,1.702849984169006,Europe
DNK,2018,10.0,10.70687961578369,1.912500023841858,Europe
DNK,2019,10.0,10.49075031280518,1.893959999084473,Europe
DNK,2020,10.0,10.23235988616943,1.961770057678223,Europe
DNK,2021,10.0,9.990850448608398,1.879150032997131,Europe
DNK,2022,10.0,10.13483047485352,1.936830043792725,Europe
ESP,2013,10.0,2.861819982528687,1.528959989547729,Europe
ESP,2014,10.0,,1.666309952735901,Europe
ESP,2015,10.0,,1.783619999885559,Europe
ESP,2016,10.0,2.531460046768188,1.93815004825592,Europe
ESP,2017,10.0,3.229899883270264,2.070830106735229,Europe
ESP,2018,10.0,3.456039905548096,2.063050031661987,Europe
ESP,2019,10.0,3.697829961776733,2.066109895706177,Europe
ESP,2020,10.0,3.834789991378784,2.205670118331909,Europe
ESP,2021,10.0,3.576280117034912,2.085939884185791,Europe
ESP,2022,10.0,3.970599889755249,2.201469898223877,Europe
EST,2013,12.0,2.894789934158325,6.448480129241943,Europe
EST,2014,12.0,3.716789960861206,6.984280109405518,Europe
EST,2015,12.0,5.178030014038086,7.847209930419922,Europe
EST,2016,12.0,6.803410053253174,7.871490001678467,Europe
EST,2017,12.0,8.258130073547363,8.213509559631348,Europe
EST,2018,12.0,9.592900276184082,8.095120429992676,Europe
EST,2019,12.0,11.08736991882324,7.952730178833008,Europe
EST,2020,12.0,12.30142974853516,8.351889610290527,Europe
EST,2021,12.0,11.62462043762207,8.296159744262695,Europe
EST,2022,12.0,11.42164993286133,7.959879875183105,Europe
FIN,2013,12.0,7.07390022277832,2.684139966964722,Europe
FIN,2014,12.0,7.434979915618896,2.887480020523071,Europe
FIN,2015,12.0,7.650800228118896,3.087300062179565,Europe
FIN,2016,12.0,7.806149959564209,3.42576003074646,Europe
FIN,2017,12.0,8.177909851074219,3.711950063705444,Europe
FIN,2018,12.0,8.051850318908691,3.846610069274902,Europe
FIN,2019,12.0,8.053449630737305,3.838399887084961,Europe
FIN,2020,12.0,7.971980094909668,3.716049909591675,Europe
FIN,2021,12.0,8.077409744262695,3.340179920196533,Europe
FIN,2022,12.0,8.483420372009277,2.96973991394043,Europe
FRA,2013,12.0,9.778690338134766,3.290780067443848,Europe
FRA,2014,12.0,9.842390060424805,3.444119930267334,Europe
FRA,2015,12.0,9.875969886779783,3.58390998840332,Europe
FRA,2016,12.0,9.892359733581545,3.670069932937622,Europe
FRA,2017,12.0,10.2012300491333,3.748539924621582,Europe
FRA,2018,12.0,8.768489837646484,3.809340000152588,Europe
FRA,2019,12.0,9.174699783325195,3.84293007850647,Europe
FRA,2020,12.0,9.185400009155272,3.961450099945068,Europe
FRA,2021,12.0,9.000709533691406,3.760610103607178,Europe
FRA,2022,12.0,9.137040138244627,3.936840057373047,Europe
GBR,2013,13.0,17.4626293182373,1.199810028076172,Europe
GBR,2014,13.0,18.22084045410156,1.278120040893555,Europe
GBR,2015,13.0,18.48802947998047,1.350939989089966,Europe
GBR,2016,13.0,18.09594917297363,1.445619940757751,Europe
GBR,2017,13.0,17.91753005981445,1.503340005874634,Europe
GBR,2018,13.0,18.32440948486328,1.591570019721985,Europe
GBR,2019,13.0,18.67705917358398,1.507369995117188,Europe
GBR,2020,13.0,20.1479606628418,1.466179966926575,Europe
GBR,2021,13.0,20.06040000915527,1.321789979934692,Europe
GBR,2022,13.0,21.57226943969727,1.327690005302429,Europe
GRC,2013,12.0,4.186359882354736,5.147659778594971,Europe
GRC,2014,12.0,,5.316080093383789,Europe
GRC,2015,12.0,,,Europe
GRC,2016,12.0,3.345230102539063,5.033480167388916,Europe
GRC,2017,12.0,3.41035008430481,5.165209770202637,Europe
GRC,2018,12.0,3.432770013809204,5.099800109863281,Europe
GRC,2019,12.0,3.499399900436401,4.985779762268066,Europe
GRC,2020,12.0,2.795360088348389,5.040830135345459,Europe
GRC,2021,12.0,2.819519996643066,4.811850070953369,Europe
GRC,2022,12.0,3.068759918212891,4.409150123596191,Europe
HRV,2013,8.0,0.3037199974060059,5.185389995574951,Europe
HRV,2014,8.0,0.384799987077713,5.320879936218262,Europe
HRV,2015,8.0,0.5067200064659119,5.460000038146973,Europe
HRV,2016,8.0,0.427729994058609,5.696070194244385,Europe
HRV,2017,8.0,2.89411997795105,5.870059967041016,Europe
HRV,2018,8.0,3.04200005531311,5.920929908752441,Europe
HRV,2019,8.0,3.491859912872314,6.208459854125977,Europe
HRV,2020,8.0,2.950000047683716,6.206759929656982,Europe
HRV,2021,8.0,2.663320064544678,6.495550155639648,Europe
HRV,2022,8.0,3.560209989547729,6.236790180206299,Europe
HUN,2013,12.0,5.763700008392334,2.463069915771484,Europe
HUN,2014,12.0,7.044360160827637,2.903970003128052,Europe
HUN,2015,12.0,7.053929805755615,3.458600044250488,Europe
HUN,2016,12.0,8.856249809265137,3.939759969711304,Europe
HUN,2017,12.0,9.974289894104004,4.320040225982666,Europe
HUN,2018,12.0,11.41061973571777,4.54246997833252,Europe
HUN,2019,12.0,12.605299949646,4.609409809112549,Europe
HUN,2020,12.0,13.47620010375977,4.815430164337158,Europe
HUN,2021,12.0,13.19163036346436,4.788589954376221,Europe
HUN,2022,12.0,13.72434043884277,4.720459938049316,Europe
IRL,2013,,6.448939800262451,8.215410232543945,Europe
IRL,2014,10.0,6.997139930725098,7.556270122528076,Europe
IRL,2015,10.0,7.368430137634277,7.023829936981201,Europe
IRL,2016,10.0,8.187769889831543,6.739490032196045,Europe
IRL,2017,10.0,8.880109786987305,6.698949813842773,Europe
IRL,2018,10.0,9.637929916381836,6.479990005493164,Europe
IRL,2019,10.0,10.71471977233887,6.686470031738281,Europe
IRL,2020,,10.19911956787109,6.412879943847656,Europe
IRL,2021,10.0,9.29442024230957,6.351490020751953,Europe
IRL,2022,10.0,10.98526954650879,6.873720169067383,Europe
ISL,2013,10.0,6.540289878845215,14.87911987304688,Europe
ISL,2014,10.0,7.396609783172607,13.74481964111328,Europe
ISL,2015,10.0,,13.91335010528564,Europe
ISL,2016,10.0,6.777840137481689,14.31507015228271,Europe
ISL,2017,10.0,6.851449966430664,14.70623016357422,Europe
ISL,2018,10.0,8.017939567565918,18.52018928527832,Europe
ISL,2019,10.0,8.449469566345215,14.78913974761963,Europe
ISL,2020,10.0,8.511079788208008,14.29811954498291,Europe
ISL,2021,10.0,7.896890163421631,12.5576000213623,Europe
ISL,2022,10.0,9.606069564819336,12.24472045898438,Europe
ITA,2013,8.0,4.402750015258789,2.689199924468994,Europe
ITA,2014,8.0,4.720980167388916,2.962219953536987,Europe
ITA,2015,8.0,4.950459957122803,3.338269948959351,Europe
ITA,2016,8.0,5.102290153503418,3.703929901123047,Europe
ITA,2017,8.0,5.310850143432617,4.075109958648682,Europe
ITA,2018,8.0,5.622970104217529,4.018939971923828,Europe
ITA,2019,8.0,2.830840110778809,4.136159896850586,Europe
ITA,2020,8.0,2.881079912185669,4.161620140075684,Europe
ITA,2021,8.0,3.447380065917969,4.046319961547852,Europe
ITA,2022,8.0,4.191850185394287,4.029829978942871,Europe
LIE,2014,,85.30120086669922,116.7211685180664,Europe
LIE,2015,,87.5999984741211,133.9299468994141,Europe
LIE,2016,,88.8888931274414,132.8679809570313,Europe
LIE,2017,,87.98497772216797,129.8107757568359,Europe
LIE,2018,,88.40493774414062,127.6808776855469,Europe
LIE,2019,,86.38858032226562,129.4188079833984,Europe
LIE,2020,,87.1459732055664,127.3171005249023,Europe
LIE,2021,,85.58187103271484,124.4619293212891,Europe
LIE,2022,13.0,,,Europe
LTU,2013,12.0,2.451550006866455,7.532219886779785,Europe
LTU,2014,12.0,,7.986239910125732,Europe
LTU,2015,12.0,3.53767991065979,8.036359786987305,Europe
LTU,2016,12.0,4.111130237579346,7.999919891357422,Europe
LTU,2017,12.0,4.612949848175049,8.287989616394043,Europe
LTU,2018,12.0,5.326029777526855,8.7991304397583,Europe
LTU,2019,12.0,5.991879940032959,9.36633014678955,Europe
LTU,2020,12.0,6.161290168762207,9.767040252685549,Europe
LTU,2021,12.0,7.329090118408203,9.443360328674316,Europe
LTU,2022,12.0,8.773500442504883,7.88362979888916,Europe
LUX,2013,13.0,,,Europe
LUX,2014,13.0,,,Europe
LUX,2015,13.0,45.86716842651367,145.8691558837891,Europe
LUX,2016,13.0,46.99454116821289,152.2722778320313,Europe
LUX,2017,13.0,46.72711944580078,156.1552734375,Europe
LUX,2018,13.0,47.7353401184082,164.4960479736328,Europe
LUX,2019,13.0,48.64826965332031,170.4618072509766,Europe
LUX,2020,13.0,48.38795852661133,170.7827758789063,Europe
LUX,2021,13.0,49.30202102661133,170.7478179931641,Europe
LUX,2022,13.0,50.48474884033203,172.5166168212891,Europe
LVA,2013,12.0,3.710020065307617,6.734670162200928,Europe
LVA,2014,12.0,4.992700099945068,6.714869976043701,Europe
LVA,2015,12.0,6.118929862976074,6.754069805145264,Europe
LVA,2016,12.0,7.670680046081543,6.654300212860107,Europe
LVA,2017,12.0,7.393199920654297,6.411610126495361,Europe
LVA,2018,12.0,9.269379615783691,6.384300231933594,Europe
LVA,2019,12.0,10.42872047424316,6.19674015045166,Europe
LVA,2020,12.0,12.77956962585449,6.662759780883789,Europe
LVA,2021,12.0,12.76290035247803,6.846980094909668,Europe
LVA,2022,12.0,12.6783504486084,6.476719856262207,Europe
MCO,2013,12.0,,,Europe
MCO,2014,12.0,,,Europe
MCO,2015,12.0,,,Europe
MCO,2016,12.0,,48.88167953491211,Europe
MCO,2017,12.0,0.3440400063991547,49.84851837158203,Europe
MCO,2018,12.0,,39.25474166870117,Europe
MCO,2019,12.0,,52.34514999389648,Europe
MCO,2020,12.0,24.65896987915039,54.20444869995117,Europe
MCO,2021,12.0,27.92023086547852,44.32901000976563,Europe
MCO,2022,12.0,82.95350646972656,45.10594940185547,Europe
MDA,2013,12.0,1.883000016212463,15.34817028045654,Europe
MDA,2014,12.0,2.055449962615967,18.17390060424805,Europe
MDA,2015,12.0,2.498290061950684,17.98051071166992,Europe
MDA,2016,12.0,3.628659963607788,19.61252975463867,Europe
MDA,2017,12.0,4.130589962005615,19.56609916687012,Europe
MDA,2018,12.0,5.073500156402588,23.99773025512695,Europe
MDA,2019,12.0,5.579909801483154,20.72200965881348,Europe
MDA,2020,12.0,6.63263988494873,25.40596008300781,Europe
MDA,2021,12.0,6.466569900512695,24.98086929321289,Europe
MDA,2022,12.0,6.954619884490967,23.88665962219238,Europe
MKD,2013,13.0,2.160439968109131,6.505879878997803,Europe
MKD,2014,13.0,2.836289882659912,6.312580108642578,Europe
MKD,2015,13.0,3.49370002746582,7.446579933166504,Europe
MKD,2016,13.0,,,Europe
MKD,2017,13.0,4.721250057220459,8.912579536437988,Europe
MKD,2018,13.0,5.150559902191162,9.493780136108398,Europe
MKD,2019,13.0,5.190090179443359,9.495519638061523,Europe
MKD,2020,13.0,5.008820056915283,10.35995960235596,Europe
MKD,2021,13.0,7.428929805755615,10.65647029876709,Europe
MKD,2022,13.0,8.390080451965332,10.1305103302002,Europe
MLT,2013,13.0,5.058060169219971,15.13619995117188,Europe
MLT,2014,13.0,5.860429763793945,9.776630401611328,Europe
MLT,2015,13.0,6.212170124053955,8.896419525146484,Europe
MLT,2016,13.0,8.432740211486816,7.691170215606689,Europe
MLT,2017,13.0,8.28423023223877,7.403090000152588,Europe
MLT,2018,13.0,9.767889976501465,7.372369766235352,Europe
MLT,2019,13.0,12.43972015380859,7.429769992828369,Europe
MLT,2020,13.0,14.15485954284668,7.121880054473877,Europe
MLT,2021,13.0,16.46596908569336,6.349180221557617,Europe
MLT,2022,13.0,23.80353927612305,5.961609840393066,Europe
MNE,2013,9.0,,17.01275062561035,Europe
MNE,2014,9.0,,16.05636978149414,Europe
MNE,2015,9.0,,17.25020980834961,Europe
MNE,2016,9.0,,19.34605026245117,Europe
MNE,2017,9.0,,20.20162963867188,Europe
MNE,2018,9.0,,21.8661003112793,Europe
MNE,2019,9.0,,23.1390209197998,Europe
MNE,2020,13.0,,22.91043090820313,Europe
MNE,2021,13.0,,23.30120086669922,Europe
MNE,2022,13.0,,24.06571006774902,Europe
NLD,2013,12.0,,,Europe
NLD,2014,12.0,,,Europe
NLD,2015,12.0,10.22891998291016,1.806810021400452,Europe
NLD,2016,12.0,10.74382019042969,2.035470008850098,Europe
NLD,2017,12.0,10.99874019622803,2.112080097198486,Europe
NLD,2018,12.0,11.69357013702393,1.972699999809265,Europe
NLD,2019,12.0,,,Europe
NLD,2020,12.0,13.32122993469238,2.074320077896118,Europe
NLD,2021,12.0,13.72416973114014,1.858749985694885,Europe
NLD,2022,12.0,,,Europe
NOR,2013,10.0,3.615279912948608,7.106289863586426,Europe
NOR,2014,10.0,3.497260093688965,6.933609962463379,Europe
NOR,2015,10.0,3.627840042114258,6.997330188751221,Europe
NOR,2016,10.0,3.92143988609314,6.800119876861572,Europe
NOR,2017,10.0,3.152699947357178,6.23891019821167,Europe
NOR,2018,10.0,4.230810165405273,5.966169834136963,Europe
NOR,2019,10.0,4.275660037994385,5.964980125427246,Europe
NOR,2020,10.0,4.382689952850342,5.41363000869751,Europe
NOR,2021,10.0,4.172120094299316,4.779280185699463,Europe
NOR,2022,10.0,4.144269943237305,4.753419876098633,Europe
POL,2013,12.0,1.459329962730408,1.223729968070984,Europe
POL,2014,12.0,1.966590046882629,1.351269960403442,Europe
POL,2015,12.0,2.641439914703369,1.43297004699707,Europe
POL,2016,12.0,3.420429944992065,1.514420032501221,Europe
POL,2017,12.0,4.123650074005127,1.623049974441528,Europe
POL,2018,12.0,3.64084005355835,1.766720056533813,Europe
POL,2019,12.0,3.856859922409058,1.786030054092407,Europe
POL,2020,12.0,4.466919898986816,1.910470008850098,Europe
POL,2021,12.0,5.487319946289063,2.027940034866333,Europe
POL,2022,12.0,6.718039989471436,1.820050001144409,Europe
PRT,2013,12.0,,,Europe
PRT,2014,12.0,,,Europe
PRT,2015,12.0,5.003749847412109,3.622809886932373,Europe
PRT,2016,12.0,,3.75789999961853,Europe
PRT,2017,12.0,6.396649837493896,4.070119857788086,Europe
PRT,2018,12.0,7.890789985656738,4.233590126037598,Europe
PRT,2019,12.0,9.711259841918944,5.792769908905029,Europe
PRT,2020,12.0,11.57310962677002,4.698709964752197,Europe
PRT,2021,12.0,11.65882015228271,4.665919780731201,Europe
PRT,2022,12.0,11.9640998840332,4.282889842987061,Europe
ROU,2013,13.0,3.487950086593628,5.267950057983398,Europe
ROU,2014,13.0,4.070980072021484,5.659120082855225,Europe
ROU,2015,13.0,4.259739875793457,5.963200092315674,Europe
ROU,2016,13.0,4.824950218200684,6.343279838562012,Europe
ROU,2017,13.0,5.175079822540283,6.778930187225342,Europe
ROU,2018,13.0,5.40241003036499,6.967460155487061,Europe
ROU,2019,13.0,5.675700187683105,5.854609966278076,Europe
ROU,2020,13.0,5.993020057678223,5.80564022064209,Europe
ROU,2021,13.0,6.025979995727539,6.1285400390625,Europe
ROU,2022,13.0,6.276450157165527,5.703269958496094,Europe
RUS,2013,11.0,,0.6833599805831909,Europe
RUS,2014,11.0,3.049669981002808,0.7994700074195862,Europe
RUS,2015,11.0,3.434720039367676,0.8708599805831909,Europe
RUS,2016,11.0,3.942739963531494,0.9269800186157228,Europe
RUS,2017,11.0,4.258080005645752,0.970300018787384,Europe
RUS,2018,11.0,4.544069766998291,0.9969800114631652,Europe
RUS,2019,11.0,4.965320110321045,0.9297800064086914,Europe
RUS,2020,11.0,11.2719898223877,1.429790019989014,Europe
RUS,2021,11.0,8.107709884643555,1.552160024642944,Europe
RUS,2022,11.0,8.487859725952148,1.585669994354248,Europe
SMR,2013,13.0,,,Europe
SMR,2014,13.0,,,Europe
SMR,2015,13.0,,,Europe
SMR,2016,13.0,,,Europe
SMR,2017,13.0,,,Europe
SMR,2018,13.0,91.06900787353516,128.5099792480469,Europe
SMR,2019,13.0,87.92497253417969,1125.691772460938,Europe
SMR,2020,13.0,88.47779846191406,119.2188415527344,Europe
SMR,2021,13.0,85.41871643066406,52.33945846557617,Europe
SMR,2022,13.0,85.5659408569336,53.13404083251953,Europe
SRB,2013,12.0,3.737260103225708,5.301089763641357,Europe
SRB,2014,12.0,3.670609951019287,5.794750213623047,Europe
SRB,2015,12.0,4.125629901885986,5.71930980682373,Europe
SRB,2016,12.0,4.256219863891602,5.973529815673828,Europe
SRB,2017,12.0,4.434810161590576,6.185540199279785,Europe
SRB,2018,12.0,4.434909820556641,6.124619960784912,Europe
SRB,2019,12.0,4.60621976852417,5.484739780426025,Europe
SRB,2020,12.0,4.719220161437988,6.325900077819824,Europe
SRB,2021,12.0,4.512879848480225,6.359200000762939,Europe
SRB,2022,12.0,4.610330104827881,5.984620094299316,Europe
SVK,2013,13.0,4.859620094299316,15.84792041778564,Europe
SVK,2014,13.0,5.613739967346191,16.20299911499023,Europe
SVK,2015,13.0,5.898369789123535,17.09155082702637,Europe
SVK,2016,13.0,6.021039962768555,19.11005020141602,Europe
SVK,2017,13.0,6.897880077362061,20.79801940917969,Europe
SVK,2018,13.0,8.028550148010254,21.77224922180176,Europe
SVK,2019,13.0,9.040619850158691,15.70882034301758,Europe
SVK,2020,13.0,10.29860973358154,22.37360000610352,Europe
SVK,2021,13.0,10.97224998474121,22.09700965881348,Europe
SVK,2022,13.0,11.9056396484375,21.60161972045898,Europe
SVN,2013,13.0,2.623179912567139,2.677390098571777,Europe
SVN,2014,13.0,2.746570110321045,2.765110015869141,Europe
SVN,2015,13.0,2.749490022659302,3.187319993972778,Europe
SVN,2016,13.0,3.31072998046875,3.582240104675293,Europe
SVN,2017,13.0,3.884500026702881,4.17825984954834,Europe
SVN,2018,13.0,4.468599796295166,4.178609848022461,Europe
SVN,2019,13.0,6.673160076141357,5.986390113830566,Europe
SVN,2020,13.0,7.785950183868408,4.235179901123047,Europe
SVN,2021,13.0,9.198969841003418,3.691260099411011,Europe
SVN,2022,13.0,9.45847988128662,3.720180034637451,Europe
SWE,2013,12.0,5.826119899749756,4.135859966278076,Europe
SWE,2014,12.0,5.905539989471436,4.09492015838623,Europe
SWE,2015,12.0,6.223680019378662,4.061369895935059,Europe
SWE,2016,12.0,6.576680183410645,4.063829898834229,Europe
SWE,2017,12.0,6.742519855499268,3.880970001220703,Europe
SWE,2018,12.0,7.171080112457275,3.706120014190674,Europe
SWE,2019,12.0,7.151649951934814,3.766769886016846,Europe
SWE,2020,12.0,7.042669773101807,3.333379983901978,Europe
SWE,2021,12.0,6.640570163726807,2.860059976577759,Europe
SWE,2022,12.0,7.004079818725586,2.949579954147339,Europe
UKR,2013,11.0,2.252729892730713,1.928310036659241,Europe
UKR,2014,11.0,2.797590017318726,2.326620101928711,Europe
UKR,2015,11.0,3.241940021514893,3.840110063552856,Europe
UKR,2016,11.0,3.204309940338135,4.581920146942139,Europe
UKR,2017,11.0,3.164900064468384,4.671810150146484,Europe
UKR,2018,11.0,3.073879957199097,4.86674976348877,Europe
UKR,2019,11.0,3.454950094223022,4.842150211334229,Europe
UKR,2020,11.0,3.996229887008667,4.558110237121582,Europe
UKR,2021,11.0,4.903210163116455,5.154739856719971,Europe
UKR,2022,11.0,,,Europe
